{
  "train_indices": [
    98,
    68,
    19,
    143,
    99,
    145,
    9,
    46,
    8,
    102,
    110,
    1,
    25,
    78,
    80,
    125,
    26,
    29,
    144,
    70,
    31,
    123,
    105,
    122,
    95,
    6,
    21,
    16,
    52,
    89,
    15,
    17,
    67,
    64,
    12,
    45,
    65,
    146,
    131,
    0,
    128,
    47,
    119,
    36,
    100,
    62,
    24,
    135,
    71,
    113,
    82,
    41,
    81,
    137,
    91,
    103,
    39,
    96,
    4,
    86,
    76,
    59,
    109,
    83,
    74,
    136,
    121,
    34,
    120,
    54,
    88,
    118,
    32,
    115,
    149,
    87,
    30,
    117,
    112,
    44,
    13,
    126,
    129,
    114,
    5,
    142,
    60,
    124,
    130,
    48,
    73,
    90,
    50,
    72,
    61,
    27,
    139,
    92,
    101,
    11,
    37,
    79,
    33,
    94,
    3
  ],
  "test_indices": [
    107,
    63,
    133,
    56,
    127,
    140,
    53,
    69,
    20,
    141,
    14,
    38,
    108,
    116,
    28,
    148,
    57,
    10,
    23,
    18,
    97,
    7,
    75,
    104,
    138,
    51,
    84,
    93,
    66,
    35,
    134,
    132,
    85,
    49,
    111,
    40,
    42,
    2,
    43,
    77,
    55,
    22,
    106,
    147,
    58
  ],
  "train_accuracy": 0.9714285714285714,
  "test_accuracy": 0.9333333333333333,
  "train_size": 105,
  "test_size": 45,
  "random_state": 42
}